<?xml version="1.0" encoding="UTF-8" standalone="yes"?>
<manifest>
  <control namespace="szliuxf" constructor="TooltipedControl" version="0.0.1" display-name-key="TooltipedControl" description-key="TooltipedControl description" control-type="standard" api-version="1.2.1">
    <property name="value" display-name-key="Value" description-key="Value of the field" of-type="SingleLine.Text" usage="bound" required="true"/>
    <property name="tooltip" display-name-key="Tooltip" description-key="please provide tooltip for the control" of-type="SingleLine.Text" usage="input" required="true"/>
    <resources>
      <code path="bundle.js" order="1"/>
    </resources>
    <built-by name="pac" version="1.1.6"/>
  </control>
</manifest>